,Random,Greedy,PPO
0,80.94935844,154.06507128353954,103.60648531273861
1,112.0073912116,145.84161415550832,99.17750070820043
2,111.24861874980002,135.89558763796907,96.08932459095543
3,97.51470578759245,129.33952798924003,83.06792707999999
4,99.07198801136633,166.65948476887064,118.2329583854
5,103.86678237994347,169.54740862657883,120.76247142739999
6,106.41327023916827,137.59056243589603,130.81415982899233
7,95.42168161930394,153.11474544160436,80.02970244019174
