,Random,Greedy,A3C
0,121.5303096680005,148.21180556740833,79.4575404842
1,100.33813946836436,138.467429329934,119.96869545456494
2,122.7965206579765,144.41166606741848,98.00635582965
3,118.78879730036707,191.25492691581076,86.17410323831251
4,140.79813991209798,215.29456991203907,93.4554821887127
5,112.54553543776827,152.05371091816406,62.86303506216827
6,90.81317748,124.99018062800003,89.65223401467597
